payment_id,customer_id,amount_cents
C1-PMT1,C1,40166
C1-PMT2,C1,246752
C1-PMT3,C1,59983
C1-PMT4,C1,14441
C1-PMT5,C1,60060
C1-PMT6,C1,144975
C1-PMT7,C1,115584
C1-PMT8,C1,87108
C1-PMT9,C1,36228
C1-PMT10,C1,194627
C1-PMT11,C1,145924
C1-PMT12,C1,44365
C1-PMT13,C1,12290
C1-PMT14,C1,56672
C1-PMT15,C1,33170
C1-PMT16,C1,184131
C1-PMT17,C1,47454
C1-PMT18,C1,105706
C1-PMT19,C1,355090
C1-PMT20,C1,14701
C1-PMT21,C1,94435
C1-PMT22,C1,51959
C1-PMT23,C1,173087
C1-PMT24,C1,166860
C1-PMT25,C1,134105
C2-PMT1,C2,158139
C2-PMT2,C2,20307
C2-PMT3,C2,120719
C2-PMT4,C2,52584
C2-PMT5,C2,81553
C2-PMT6,C2,77738
C2-PMT7,C2,33091
C2-PMT8,C2,194045
C2-PMT9,C2,99012
C2-PMT10,C2,104805
C2-PMT11,C2,171041
C2-PMT12,C2,102197
C2-PMT13,C2,25316
C2-PMT14,C2,214055
C2-PMT15,C2,79201
C2-PMT16,C2,110043
C2-PMT17,C2,170807
C2-PMT18,C2,156745
C2-PMT19,C2,60006
C2-PMT20,C2,62310
C2-PMT21,C2,111030
C2-PMT22,C2,17307
C3-PMT1,C3,139451
C3-PMT2,C3,90782
C3-PMT3,C3,113147
C3-PMT4,C3,194899
C3-PMT5,C3,113100
C3-PMT6,C3,197496
C3-PMT7,C3,238583
C3-PMT8,C3,121162
C3-PMT9,C3,23328
C3-PMT10,C3,99277
C3-PMT11,C3,5318
C3-PMT12,C3,213166
C3-PMT13,C3,53134
C3-PMT14,C3,174378
C3-PMT15,C3,125849
C3-PMT16,C3,139524
C3-PMT17,C3,168488
C3-PMT18,C3,145183
C3-PMT19,C3,203324
C3-PMT20,C3,16296
C3-PMT21,C3,222722
C3-PMT22,C3,38303
C3-PMT23,C3,173377
C4-PMT1,C4,35611
C4-PMT2,C4,105746
C4-PMT3,C4,76053
C4-PMT4,C4,51118
C4-PMT5,C4,106432
C4-PMT6,C4,56813
C4-PMT7,C4,13673
C4-PMT8,C4,142091
C4-PMT9,C4,199970
C4-PMT10,C4,174550
C4-PMT11,C4,152703
C4-PMT12,C4,132578
C4-PMT13,C4,165782
C4-PMT14,C4,132327
C4-PMT15,C4,108611
C4-PMT16,C4,107749
C4-PMT17,C4,15315
C4-PMT18,C4,143173
C4-PMT19,C4,80388
C4-PMT20,C4,1081
C4-PMT21,C4,66436
C4-PMT22,C4,107342
C5-PMT1,C5,139121
C5-PMT2,C5,95642
C5-PMT3,C5,52838
C5-PMT4,C5,73930
C5-PMT5,C5,18795
C5-PMT6,C5,20372
C5-PMT7,C5,105590
C5-PMT8,C5,95187
C5-PMT9,C5,155186
C5-PMT10,C5,81465
C5-PMT11,C5,173509
C5-PMT12,C5,34124
C5-PMT13,C5,111408
C5-PMT14,C5,28086
C5-PMT15,C5,5615
C5-PMT16,C5,101274
C5-PMT17,C5,32386
C5-PMT18,C5,24644
C5-PMT19,C5,88778
C5-PMT20,C5,42576
C5-PMT21,C5,153096
C5-PMT22,C5,84832
C5-PMT23,C5,122273
C5-PMT24,C5,18304
C5-PMT25,C5,63440
C5-PMT26,C5,16301
C5-PMT27,C5,22226
C5-PMT28,C5,105387
C5-PMT29,C5,103925
C6-PMT1,C6,94173
C6-PMT2,C6,114578
C6-PMT3,C6,87017
C6-PMT4,C6,26917
C6-PMT5,C6,61614
C6-PMT6,C6,22658
C6-PMT7,C6,46006
C6-PMT8,C6,54007
C6-PMT9,C6,175243
C6-PMT10,C6,113594
C6-PMT11,C6,206779
C6-PMT12,C6,127484
C6-PMT13,C6,42569
C6-PMT14,C6,129733
C6-PMT15,C6,94117
C6-PMT16,C6,10120
C6-PMT17,C6,96707
C6-PMT18,C6,106195
C6-PMT19,C6,19694
C6-PMT20,C6,222106
C6-PMT21,C6,47817
C6-PMT22,C6,118954
C6-PMT23,C6,166986
C6-PMT24,C6,93991
C6-PMT25,C6,98880
C6-PMT26,C6,72212
C6-PMT27,C6,92441
C6-PMT28,C6,13188
C6-PMT29,C6,37899
C6-PMT30,C6,184592
C7-PMT1,C7,88246
C7-PMT2,C7,194924
C7-PMT3,C7,156755
C7-PMT4,C7,230893
C7-PMT5,C7,61249
C7-PMT6,C7,69731
C7-PMT7,C7,31716
C7-PMT8,C7,213162
C7-PMT9,C7,122705
C7-PMT10,C7,159223
C7-PMT11,C7,202127
C7-PMT12,C7,77089
C7-PMT13,C7,250532
C7-PMT14,C7,117407
C7-PMT15,C7,55357
C7-PMT16,C7,213045
C7-PMT17,C7,14196
C7-PMT18,C7,126954
C7-PMT19,C7,27001
C7-PMT20,C7,60993
C7-PMT21,C7,142859
C7-PMT22,C7,287117
C8-PMT1,C8,195133
C8-PMT2,C8,60798
C8-PMT3,C8,24902
C8-PMT4,C8,129612
C8-PMT5,C8,156763
C8-PMT6,C8,28550
C8-PMT7,C8,106709
C8-PMT8,C8,184237
C8-PMT9,C8,137173
C8-PMT10,C8,79650
C8-PMT11,C8,192772
C8-PMT12,C8,23100
C8-PMT13,C8,122473
C8-PMT14,C8,139450
C8-PMT15,C8,85937
C8-PMT16,C8,79492
C8-PMT17,C8,5935
C8-PMT18,C8,33437
C8-PMT19,C8,42806
C8-PMT20,C8,122904
C8-PMT21,C8,154231
C8-PMT22,C8,42048
C8-PMT23,C8,135388
C8-PMT24,C8,48600
C8-PMT25,C8,58835
C8-PMT26,C8,56111
C8-PMT27,C8,118473
C9-PMT1,C9,292871
C9-PMT2,C9,51043
C9-PMT3,C9,8259
C9-PMT4,C9,139376
C9-PMT5,C9,129772
C9-PMT6,C9,9342
C9-PMT7,C9,119724
C9-PMT8,C9,123342
C9-PMT9,C9,42966
C9-PMT10,C9,21200
C9-PMT11,C9,87927
C9-PMT12,C9,45762
C9-PMT13,C9,86752
C9-PMT14,C9,163126
C9-PMT15,C9,17646
C9-PMT16,C9,40587
C9-PMT17,C9,167798
C9-PMT18,C9,91703
C9-PMT19,C9,18419
C9-PMT20,C9,126393
C9-PMT21,C9,42703
C9-PMT22,C9,148877
C9-PMT23,C9,18010
C9-PMT24,C9,169395
C9-PMT25,C9,116645
C9-PMT26,C9,100008
C9-PMT27,C9,168131
C10-PMT1,C10,45047
C10-PMT2,C10,19924
C10-PMT3,C10,49368
C10-PMT4,C10,42639
C10-PMT5,C10,50561
C10-PMT6,C10,20245
C10-PMT7,C10,104658
C10-PMT8,C10,127381
C10-PMT9,C10,127375
C10-PMT10,C10,27456
C10-PMT11,C10,13170
C10-PMT12,C10,41602
C10-PMT13,C10,98870
C10-PMT14,C10,52625
C10-PMT15,C10,123018
C10-PMT16,C10,13996
C10-PMT17,C10,54653
C10-PMT18,C10,139634
C10-PMT19,C10,55036
C10-PMT20,C10,88292
C10-PMT21,C10,138361
C10-PMT22,C10,119543
C10-PMT23,C10,68461
C10-PMT24,C10,87469
C10-PMT25,C10,65339
C10-PMT26,C10,8397
C10-PMT27,C10,130477
C10-PMT28,C10,50397
C10-PMT29,C10,55582
